/*
Navicat MySQL Data Transfer

Source Server         : localhost3308
Source Server Version : 50616
Source Host           : 127.0.0.1:3308
Source Database       : daigou_db

Target Server Type    : MYSQL
Target Server Version : 50616
File Encoding         : 65001

Date: 2018-07-03 23:05:09
*/

SET FOREIGN_KEY_CHECKS=0;

-- ----------------------------
-- Table structure for tb_customer
-- ----------------------------
DROP TABLE IF EXISTS `tb_customer`;
CREATE TABLE `tb_customer` (
  `id` bigint(20) NOT NULL,
  `login_name` varchar(32) NOT NULL COMMENT '目前与手机号一致',
  `customer_name` varchar(32) DEFAULT NULL COMMENT '不填默认与link_name一致',
  `link_name` varchar(32) DEFAULT NULL COMMENT '联系人名称',
  `pwd` varchar(32) DEFAULT NULL,
  `type` int(11) DEFAULT NULL COMMENT '0,企业用户,1，个人用户，-1，保密',
  `status` int(11) DEFAULT NULL COMMENT '1,正常，0冻结',
  `email` varchar(32) DEFAULT NULL,
  `mobile` bigint(11) DEFAULT NULL,
  `weixin` varchar(32) DEFAULT NULL,
  `zhifubao` varchar(32) DEFAULT NULL,
  `qq` varchar(32) DEFAULT NULL,
  `weixin_qr_code` varchar(512) DEFAULT NULL,
  `zhifubao_qr_code` varchar(512) DEFAULT NULL,
  `qq_qr_code` varchar(512) DEFAULT NULL,
  `id_card` varchar(32) DEFAULT NULL,
  `sex` int(11) DEFAULT NULL COMMENT '1，男，0，女,-1，保密',
  `address` varchar(512) DEFAULT NULL COMMENT '详细地址',
  `creator_id` bigint(32) DEFAULT NULL,
  `created_time` datetime DEFAULT NULL,
  `modifier_id` bigint(32) DEFAULT NULL,
  `modified_time` datetime DEFAULT NULL,
  `dr` int(11) DEFAULT '1' COMMENT '-1：删除，0，草稿，1，正常',
  PRIMARY KEY (`id`),
  UNIQUE KEY `login_name` (`login_name`),
  UNIQUE KEY `mobile` (`mobile`)
) ENGINE=InnoDB DEFAULT CHARSET=utf8;

-- ----------------------------
-- Records of tb_customer
-- ----------------------------
INSERT INTO `tb_customer` VALUES ('2018052621553842', '13512345678', '111', '222', '111111', '-1', null, '111@1.com', '13512345678', '3', null, '5', '', null, null, '6', '1', '7', '2018040900521243', '2018-05-26 21:55:38', '2018040900521243', '2018-05-26 22:10:25', '1');
INSERT INTO `tb_customer` VALUES ('2018052622311181', '13912345678', '123123123', '123123123', '123123', '0', null, '123@11.com', '13912345678', '1', null, '3', '', null, null, '4', '1', '5', '2018040900521243', '2018-05-26 22:31:12', '2018040900521243', '2018-05-26 22:31:12', '1');
INSERT INTO `tb_customer` VALUES ('2018052623181530', '13612345678', '小张', '小张', null, '0', null, '123123123@11.com', '13612345678', 'xiaozhang', null, '', '', null, null, '123123', '1', '河北省保定市涿州', '2018040900521243', '2018-05-26 23:18:15', '2018040900521243', '2018-05-26 23:19:30', '1');
INSERT INTO `tb_customer` VALUES ('2018052623402392', '13112341234', '我是谁', '我是谁', null, '-1', null, '123213@111.com', '13112341234', '1111111111111111111', null, '', '', null, null, '', '1', '4444444444444444444', null, '2018-05-26 23:40:23', '2018040900521243', '2018-07-01 20:42:44', '1');
INSERT INTO `tb_customer` VALUES ('2018070112413999', '13330171314', '111', '222', '111111', '0', null, '444@qq.com', '13330171314', '333', null, '555', '', null, null, '666', '1', '777', '2018052618232694', '2018-07-01 12:41:39', '2018052618232694', '2018-07-01 18:58:20', '1');
INSERT INTO `tb_customer` VALUES ('2018070112451091', '13331071314', '李志', '李志', null, '-1', null, '333444@qq.com', '13331071314', '', null, '1231231', '', null, null, '555666', '1', '北京', '2018052618232694', '2018-07-01 12:45:10', '2018052618232694', '2018-07-01 18:52:22', '1');
INSERT INTO `tb_customer` VALUES ('2018070118591157', '13911111111', '4444', '5555', '111111', '1', null, '1231@qq.com', '13911111111', '1231', null, '123123', '', null, null, '1231', '1', '2312', '2018052618232694', '2018-07-01 18:59:12', '2018052618232694', '2018-07-01 18:59:12', '1');

-- ----------------------------
-- Table structure for tb_order
-- ----------------------------
DROP TABLE IF EXISTS `tb_order`;
CREATE TABLE `tb_order` (
  `id` bigint(20) NOT NULL,
  `shop_id` bigint(20) NOT NULL,
  `shop_name` varchar(32) NOT NULL,
  `product_id` bigint(20) DEFAULT NULL,
  `product_name` varchar(32) DEFAULT NULL,
  `price` decimal(16,2) DEFAULT NULL,
  `num` decimal(16,2) DEFAULT NULL,
  `cate` varchar(32) DEFAULT NULL,
  `spec` varchar(32) DEFAULT NULL,
  `brand` varchar(32) DEFAULT NULL,
  `production_place` varchar(255) DEFAULT NULL,
  `buyer_code` varchar(32) DEFAULT NULL,
  `buyer_name` varchar(32) DEFAULT NULL,
  `buyer_weixin` varchar(32) DEFAULT NULL,
  `address` varchar(512) DEFAULT NULL,
  `pic_main` varchar(512) DEFAULT NULL,
  `remark` varchar(512) DEFAULT NULL,
  `status` int(11) DEFAULT NULL COMMENT '0,暂存,1,待支付,2,待确认,3,待发货,4待收货,5,完成',
  `pay_status` int(11) DEFAULT NULL,
  `send_no` varchar(32) DEFAULT NULL,
  `send_company` varchar(32) DEFAULT NULL,
  `send_time` datetime DEFAULT NULL,
  `order_amount` decimal(16,2) DEFAULT NULL,
  `customer_discount` int(11) DEFAULT NULL,
  `total_amount` decimal(16,2) DEFAULT NULL,
  `pay_amount` decimal(16,2) DEFAULT NULL,
  `no_pay_amount` decimal(16,2) DEFAULT NULL,
  `creator_id` bigint(32) DEFAULT NULL,
  `created_time` datetime DEFAULT NULL,
  `modifier_id` bigint(32) DEFAULT NULL,
  `modified_time` datetime DEFAULT NULL,
  `dr` int(11) DEFAULT NULL,
  `ts` bigint(20) NOT NULL,
  PRIMARY KEY (`id`),
  KEY `idx_shop_id` (`shop_id`),
  KEY `idx_name_spec` (`shop_id`,`product_name`,`cate`,`spec`,`buyer_code`)
) ENGINE=InnoDB DEFAULT CHARSET=utf8;

-- ----------------------------
-- Records of tb_order
-- ----------------------------
INSERT INTO `tb_order` VALUES ('2018042522435590', '2018040900571720', '张三的店铺', '2018042423425277', '苹果手机', '6000.00', '1.00', '', '', '', '', '13112341234', '我是谁', '1111111111111111111', '4444444444444444444', 'http://dremstock-521.xicp.net:26192/daigou/upload/13112341234/product/20180425/1524665598534.jpg', '', '1', '1', null, null, null, null, null, '6000.00', '0.00', '6000.00', '2018040900521243', '2018-04-25 22:43:55', '2018040900521243', '2018-04-25 22:44:20', '1', '0');
INSERT INTO `tb_order` VALUES ('2018042523130885', '2018040900571720', '张三的店铺', '2018040901314428', '234', '23423.00', '1.00', '', '', '', '', '13112341234', '我是谁', '1111111111111111111', '4444444444444444444', 'http://dremstock-521.xicp.net:26192/daigou/upload/13112341234/product/20180425/1524665598534.jpg', '', '1', '2', null, null, null, null, null, '23423.00', '23423.00', '0.00', '2018040900521243', '2018-04-25 23:13:09', null, '2018-04-27 10:41:29', '1', '1524796888878');
INSERT INTO `tb_order` VALUES ('2018042523133459', '2018040900571720', '张三的店铺', '2018042423420944', '华为手机', '1000.00', '1.00', '', '', '', '', '13112341234', '我是谁', '1111111111111111111', '4444444444444444444', 'http://dremstock-521.xicp.net:26192/daigou/upload/13112341234/product/20180425/1524665598534.jpg', '', '1', '1', null, null, null, null, null, '1000.00', '0.00', '1000.00', '2018040900521243', '2018-04-25 23:13:34', '2018040900521243', '2018-04-26 00:15:17', '1', '0');
INSERT INTO `tb_order` VALUES ('2018042600181190', '2018040900571720', '张三的店铺', '2018042423425277', '苹果手机', '6000.00', '1.00', '', '', '', '', '13112341234', '我是谁', '1111111111111111111', '4444444444444444444', 'http://dremstock-521.xicp.net:26192/daigou/upload/13112341234/product/20180425/1524665598534.jpg', '', '1', '1', null, null, null, null, null, '6000.00', '0.00', '6000.00', '2018040900521243', '2018-04-26 00:18:12', '2018040900521243', '2018-04-27 11:17:28', '1', '0');
INSERT INTO `tb_order` VALUES ('2018042600190597', '2018040900571720', '张三的店铺', '2018042423425277', '苹果手机', '6000.00', '1.00', '', '', '', '', '13112341234', '我是谁', '1111111111111111111', '4444444444444444444', 'http://dremstock-521.xicp.net:26192/daigou/upload/13112341234/product/20180425/1524665598534.jpg', '', '1', '1', null, null, null, null, null, '6000.00', '0.00', '6000.00', '2018040900521243', '2018-04-26 00:19:05', '2018040900521243', '2018-04-27 09:38:30', '1', '0');
INSERT INTO `tb_order` VALUES ('2018042612151560', '2018042610575678', '洪旭胶业', '2018042611012815', '米黄手套', '10.00', '1.00', '', '10个每包', '', '', '13112341234', '我是谁', '1111111111111111111', '4444444444444444444', 'http://dremstock-521.xicp.net:26192/daigou/upload/13785265872/product/20180426/1524711639553.jpg', '', '1', '1', null, null, null, null, null, '10.00', '0.00', '10.00', '2018042610553565', '2018-04-26 12:15:16', '2018042610553565', '2018-04-26 12:16:29', '1', '0');
INSERT INTO `tb_order` VALUES ('2018042709110992', '2018042610575678', '洪旭胶业', '2018042611012815', '米黄手套', '10.00', '1.00', '', '10个每包', '', '', '13112341234', '我是谁', '1111111111111111111', '4444444444444444444', 'http://dremstock-521.xicp.net:26192/daigou/upload/13785265872/product/20180426/1524711639553.jpg', '', '1', '1', null, null, null, null, null, '10.00', '0.00', '10.00', '2018042610553565', '2018-04-27 09:11:10', '2018042610553565', '2018-04-27 09:11:20', '1', '0');
INSERT INTO `tb_order` VALUES ('2018042711114814', '2018040900571720', '张三的店铺', '2018041922184026', '132131', '0.10', '4.00', '', '', '', '', '13112341234', '我是谁', '1111111111111111111', '4444444444444444444', 'http://dremstock-521.xicp.net:26192/daigou/upload/13112341234/product/20180425/1524665598534.jpg', '', '1', '1', null, null, null, null, null, '0.40', '0.40', '0.00', '2018040900521243', '2018-04-27 11:11:48', null, '2018-04-27 11:12:38', '1', '1524798758207');
INSERT INTO `tb_order` VALUES ('2018042711152893', '2018040900571720', '张三的店铺', '2018040901314428', '234', '23423.00', '1.00', '', '', '', '', '13112341234', '我是谁', '1111111111111111111', '4444444444444444444', 'http://dremstock-521.xicp.net:26192/daigou/upload/13112341234/product/20180425/1524665598534.jpg', '', '1', '1', null, null, null, null, null, '23423.00', '0.00', '23423.00', '2018040900521243', '2018-04-27 11:15:28', '2018040900521243', '2018-04-27 11:15:37', '1', '0');
INSERT INTO `tb_order` VALUES ('2018042711203963', '2018042610575678', '洪旭胶业', '2018042611012815', '米黄手套', '10.00', '1.00', '', '10个每包', '', '', '13112341234', '我是谁', '1111111111111111111', '4444444444444444444', 'http://dremstock-521.xicp.net:26192/daigou/upload/13785265872/product/20180426/1524711639553.jpg', '', '1', '1', null, null, null, null, null, '10.00', '10.00', '0.00', '2018042610553565', '2018-04-27 11:20:39', null, '2018-04-27 11:34:28', '1', '1524800067642');
INSERT INTO `tb_order` VALUES ('2018042714325544', '2018040900571720', '张三的店铺', '2018042423420944', '华为手机', '1000.00', '1.00', '', '', '', '', '13211111111', '123123', '312312', '231231231231', 'http://dremstock-521.xicp.net:26192/daigou/upload/13112341234/product/20180425/1524665598534.jpg', '', '1', '1', null, null, null, null, null, '1000.00', '1000.00', '0.00', '2018040900521243', '2018-04-27 14:32:56', null, '2018-04-27 14:35:14', '1', '1524810913768');
INSERT INTO `tb_order` VALUES ('2018042721163577', '2018042610575678', '洪旭胶业', '2018042611031352', '米黄大码', '100.00', '1.00', '', '每斤', '', '', '13112341234', '我是谁', '1111111111111111111', '4444444444444444444', 'http://dremstock-521.xicp.net:26192/daigou/upload/13785265872/product/20180426/1524711755069.jpg', '', '1', '1', null, null, null, null, null, '100.00', '0.00', '100.00', '2018042610553565', '2018-04-27 21:16:36', '2018042610553565', '2018-04-27 21:17:30', '1', '0');
INSERT INTO `tb_order` VALUES ('2018042721453048', '2018042610575678', '洪旭胶业', '2018042611031352', '米黄大码', '100.00', '1.00', '', '每斤', '', '', '13112341234', '我是谁', '1111111111111111111', '4444444444444444444', 'http://dremstock-521.xicp.net:26192/daigou/upload/13785265872/product/20180426/1524711755069.jpg', '', '1', '1', null, null, null, null, null, '100.00', '0.00', '100.00', '2018042610553565', '2018-04-27 21:45:30', '2018042610553565', '2018-04-27 21:46:41', '1', '0');
INSERT INTO `tb_order` VALUES ('2018042722291565', '2018042610575678', '洪旭胶业', '2018042611012815', '米黄手套', '10.00', '1.00', '', '10个每包', '', '', '13112341234', '我是谁', '1111111111111111111', '4444444444444444444', 'http://dremstock-521.xicp.net:26192/daigou/upload/13785265872/product/20180426/1524711639553.jpg', '', '6', '1', null, null, null, null, null, '10.00', '100.00', '-90.00', '2018042610553565', '2018-04-27 22:29:16', '2018042610553565', '2018-04-28 08:06:11', '1', '1524873971062');
INSERT INTO `tb_order` VALUES ('2018043010420514', '2018042610575678', '洪旭胶业', '2018042611012815', '米黄手套', '10.00', '1.00', '', '10个每包', '', '', '13112341234', '我是谁', '1111111111111111111', '4444444444444444444', 'http://dremstock-521.xicp.net:26192/daigou/upload/13785265872/product/20180426/1524711639553.jpg', '', '5', '0', null, null, null, null, null, '10.00', '0.00', '10.00', '2018042610553565', '2018-04-30 10:42:06', null, '2018-04-30 14:33:38', '1', '1525070017779');
INSERT INTO `tb_order` VALUES ('2018043010442971', '2018042610575678', '洪旭胶业', '2018042611012815', '米黄手套', '10.00', '1.00', '', '10个每包', '', '', '13112341234', '我是谁', '1111111111111111111', '4444444444444444444', 'http://dremstock-521.xicp.net:26192/daigou/upload/13785265872/product/20180426/1524711639553.jpg', '', '8', '0', null, null, null, null, null, '10.00', '0.00', '10.00', '2018042610553565', '2018-04-30 10:44:29', null, '2018-04-30 12:55:47', '1', '1525064146646');
INSERT INTO `tb_order` VALUES ('2018043010452669', '2018042610575678', '洪旭胶业', '2018042611012815', '米黄手套', '10.00', '1.00', '', '10个每包', '', '', '13112341234', '我是谁', '1111111111111111111', '4444444444444444444', 'http://dremstock-521.xicp.net:26192/daigou/upload/13785265872/product/20180426/1524711639553.jpg', '', '8', '1', null, null, null, null, null, '10.00', '21.00', '-11.00', '2018042610553565', '2018-04-30 10:45:27', '2018042610553565', '2018-04-30 14:27:59', '1', '1525069679275');
INSERT INTO `tb_order` VALUES ('2018043021155178', '2018040900571720', '张三的店铺', '2018040901314428', '234', '23423.00', '5.00', '', '', '', '', '13112341234', '我是谁', '1111111111111111111', '4444444444444444444', 'http://dremstock-521.xicp.net:26192/daigou/upload/13112341234/product/20180425/1524665598534.jpg', '', '1', '1', null, null, null, null, null, '117115.00', '0.00', '117115.00', '2018040900521243', '2018-04-30 21:15:52', '2018040900521243', '2018-04-30 21:16:04', '1', '1525094163930');
INSERT INTO `tb_order` VALUES ('2018043021230738', '2018040900571720', '张三的店铺', '2018042423425277', '苹果手机', '6000.00', '1.00', '', '', '', '', '13112341234', '我是谁', '1111111111111111111', '4444444444444444444', 'http://dremstock-521.xicp.net:26192/daigou/upload/13112341234/product/20180425/1524665598534.jpg', '', '1', '0', null, null, null, null, null, '6000.00', '0.00', '6000.00', '100', '2018-04-30 21:23:08', null, null, '1', '1525094587638');
INSERT INTO `tb_order` VALUES ('2018050118173089', '2018040900571720', '张三的店铺', '2018040901314428', '234', '23423.00', '1.00', '', '', '', '', '13112341234', '我是谁', '1111111111111111111', '4444444444444444444', 'http://dremstock-521.xicp.net:26192/daigou/upload/13785265872/product/20180501/1525169726664.jpg', '', '1', '1', null, null, null, null, null, '23423.00', '0.00', '23423.00', '2018040900521243', '2018-05-01 18:17:31', '2018040900521243', '2018-05-01 18:17:38', '1', '1525169857764');
INSERT INTO `tb_order` VALUES ('2018050118195920', '2018040900571720', '张三的店铺', '2018042423425277', '苹果手机', '6000.00', '1.00', '', '', '', '', '13112341234', '我是谁', '1111111111111111111', '4444444444444444444', 'http://dremstock-521.xicp.net:26192/daigou/upload/13785265872/product/20180501/1525169726664.jpg', '', '1', '1', null, null, null, null, null, '6000.00', '0.00', '6000.00', '2018040900521243', '2018-05-01 18:20:00', '2018040900521243', '2018-05-01 18:20:44', '1', '1525170044424');
INSERT INTO `tb_order` VALUES ('2018050118213979', '2018040900571720', '张三的店铺', '2018040901314428', '234', '23423.00', '1.00', '', '1231231', '', '', '13112341234', '我是谁', '1111111111111111111', '4444444444444444444', 'http://dremstock-521.xicp.net:26192/daigou/upload/13785265872/product/20180501/1525169726664.jpg', '', '2', '1', '', '', null, null, null, '23423.00', '0.00', '23423.00', '100', '2018-05-01 18:21:40', '2018052618232694', '2018-06-26 08:54:48', '1', '1529974487849');
INSERT INTO `tb_order` VALUES ('2018050119412063', '2018040900571720', '张三的店铺', '2018042423420944', '华为手机', '1000.00', '1.00', '', '', '', '', '15300061906', '李奕霖', 'Liyilin', '北京海淀区杏石口路9号合众大厦', 'http://dremstock-521.xicp.net:26192/daigou/upload/13785265872/product/20180501/1525169726664.jpg', '', '1', '1', null, null, null, null, null, '1000.00', '0.00', '1000.00', '2018040900521243', '2018-05-01 19:41:20', '2018040900521243', '2018-05-01 19:41:33', '1', '1525174893090');
INSERT INTO `tb_order` VALUES ('2018050120493814', '2018040900571720', '张三的店铺', '2018041922184026', '132131', '0.10', '1.00', '', '', '', '', '13112341234', '我是谁', '1111111111111111111', '4444444444444444444', 'http://dremstock-521.xicp.net:26192/daigou/upload/13785265872/product/20180501/1525169726664.jpg', '', '1', '1', null, null, null, null, null, '0.10', '0.00', '0.10', '2018040900521243', '2018-05-01 20:49:38', '2018040900521243', '2018-05-01 20:49:56', '1', '1525178995769');
INSERT INTO `tb_order` VALUES ('2018050317454826', '2018050315420450', '鑫鑫小店', '2018050315432236', '大米', '3.00', '3.00', '', '', '', '', '13112341234', '我是谁', '1111111111111111111', '4444444444444444444', 'http://dremstock-521.xicp.net:26192/daigou/upload/15733186926/product/20180503/1525333399095.jpg', '', '1', '1', null, null, null, null, null, '9.00', '0.00', '9.00', '2018050315382723', '2018-05-03 17:45:49', '2018050315382723', '2018-05-03 17:46:19', '1', '1525340779106');
INSERT INTO `tb_order` VALUES ('2018050609104970', '2018040900571720', '张三的店铺', '2018040901314428', '234', '23423.00', '1.00', '', '', '', '', '13112341234', '我是谁', '1111111111111111111', '4444444444444444444', 'http://dremstock-521.xicp.net:26192/daigou/upload/13112341234/order/20180506/1525572016373.jpg', '', '3', '0', '', '', null, null, null, '23423.00', '0.00', '23423.00', '2018040900521243', '2018-05-06 09:10:49', '2018040900521243', '2018-05-06 21:12:14', '1', '1525612333670');
INSERT INTO `tb_order` VALUES ('2018050619341486', '20180506193000100', '锦诚超市', '2018050619321715', '好想破罐子', '1.00', '1.00', '', '', '', '', '13112341234', '我是谁', '1111111111111111111', '4444444444444444444', 'http://dremstock-521.xicp.net:26192/daigou/upload/15350612501/product/20180506/1525606342341.jpg', '', '2', '0', null, null, null, null, null, '1.00', '0.00', '1.00', '2018050619245011', '2018-05-06 19:34:15', '2018050619245011', '2018-05-06 19:35:16', '1', '1525606515764');
INSERT INTO `tb_order` VALUES ('2018050619341539', '20180506193000100', '锦诚超市', '2018050619321715', '好想破罐子', '1.00', '1.00', '', '', '', '', '13112341234', '我是谁', '1111111111111111111', '4444444444444444444', 'http://dremstock-521.xicp.net:26192/daigou/upload/15350612501/product/20180506/1525606342341.jpg', '', '1', '1', null, null, null, null, null, '1.00', '0.00', '1.00', '2018050619245011', '2018-05-06 19:34:15', '2018050619245011', '2018-05-06 19:34:29', '1', '1525606468907');
INSERT INTO `tb_order` VALUES ('2018051223391962', '2018040900571720', '张三的店铺', '2018042423425277', '苹果手机', '6000.00', '1.00', '', '', '', '', '13112341234', '我是谁', '1111111111111111111', '4444444444444444444', 'http://dremstock-521.xicp.net:26192/daigou/upload/13112341234/product/20180512/1526121032997.jpg', '', '1', '0', null, null, null, null, null, '6000.00', '0.00', '6000.00', '2018040900521243', '2018-05-12 23:39:20', null, null, '1', '1526139559994');
INSERT INTO `tb_order` VALUES ('2018051223393966', '2018040900571720', '张三的店铺', '2018042423425277', '苹果手机', '6000.00', '1.00', '', '', '', '', '13112341234', '我是谁', '1111111111111111111', '4444444444444444444', 'http://dremstock-521.xicp.net:26192/daigou/upload/13112341234/product/20180512/1526121032997.jpg', '', '1', '1', null, null, null, null, null, '6000.00', '0.00', '6000.00', '2018040900521243', '2018-05-12 23:39:40', '2018040900521243', '2018-05-12 23:43:58', '1', '1526139838024');
INSERT INTO `tb_order` VALUES ('2018051223450526', '2018040900571720', '张三的店铺', '2018042423435054', 'vivo手机', '2000.00', '1.00', '', '', '', '', '13112341234', '我是谁', '1111111111111111111', '4444444444444444444', 'http://dremstock-521.xicp.net:26192/daigou/upload/13785265872/product/20180501/1525169726664.jpg', '', '1', '1', null, null, null, null, null, '2000.00', '0.00', '2000.00', '2018040900521243', '2018-05-12 23:45:06', '2018040900521243', '2018-05-12 23:45:13', '1', '1526139912715');
INSERT INTO `tb_order` VALUES ('2018051223513794', '2018040900571720', '张三的店铺', '2018042423435054', 'vivo手机', '2000.00', '1.00', '', '', '', '', '13112341234', '我是谁', '1111111111111111111', '4444444444444444444', 'http://dremstock-521.xicp.net:26192/daigou/upload/13785265872/product/20180501/1525169726664.jpg', '', '1', '0', null, null, null, null, null, '2000.00', '0.00', '2000.00', '2018040900521243', '2018-05-12 23:51:37', null, null, '1', '1526140297169');
INSERT INTO `tb_order` VALUES ('2018051223514896', '2018040900571720', '张三的店铺', '2018042423435054', 'vivo手机', '2000.00', '1.00', '', '', '', '', '13112341234', '我是谁', '1111111111111111111', '4444444444444444444', 'http://dremstock-521.xicp.net:26192/daigou/upload/13785265872/product/20180501/1525169726664.jpg', '', '1', '1', null, null, null, null, null, '2000.00', '0.00', '2000.00', '2018040900521243', '2018-05-12 23:51:49', '2018040900521243', '2018-05-12 23:58:18', '1', '1526140697843');
INSERT INTO `tb_order` VALUES ('2018051300094077', '2018040900571720', '张三的店铺', '2018042423435054', 'vivo手机', '2000.00', '1.00', '', '', '', '', '13112341234', '我是谁', '1111111111111111111', '4444444444444444444', 'http://dremstock-521.xicp.net:26192/daigou/upload/13785265872/product/20180501/1525169726664.jpg', '', '1', '1', null, null, null, null, null, '2000.00', '0.00', '2000.00', '2018040900521243', '2018-05-13 00:09:40', '2018040900521243', '2018-05-13 00:10:01', '1', '1526141401174');
INSERT INTO `tb_order` VALUES ('2018051309235161', '2018040900571720', '张三的店铺', '2018041922184026', '苹果8plus', '5488.00', '1.00', '', '128G 白色', '苹果', '美国', '13112341234', '我是谁', '1111111111111111111', '4444444444444444444', 'http://dremstock-521.xicp.net:26192/daigou/upload/13112341234/product/20180512/1526121162154.jpg', '', '1', '1', null, null, null, null, null, '5488.00', '0.00', '5488.00', '2018040900521243', '2018-05-13 09:23:52', '2018040900521243', '2018-05-13 09:27:17', '1', '1526174836982');
INSERT INTO `tb_order` VALUES ('2018052623181422', '2018040900571720', '张三的店铺', '2018040901314428', '华为P20', '3388.00', '1.00', '', '', '', '', '13612345678', '小张', 'xiaozhang', '河北省保定市涿州', 'http://dremstock-521.xicp.net:26192/daigou/upload/13112341234/product/20180512/1526121209516.jpg', '', '1', '0', '', '', null, null, null, '3388.00', '0.00', '3388.00', '2018040900521243', '2018-05-26 23:18:15', '2018040900521243', '2018-05-26 23:18:15', '1', '1527347894953');
INSERT INTO `tb_order` VALUES ('2018052623402343', '2018040900571720', '张三的店铺', '2018041922184026', '苹果8plus', '5488.00', '1.00', '', '128G 白色', '苹果', '美国', '13112341234', '我是谁', '1111111111111111111', '4444444444444444444', 'http://dremstock-521.xicp.net:26192/daigou/upload/13112341234/product/20180512/1526121162154.jpg', '', '1', '0', null, null, null, null, null, '5488.00', '0.00', '5488.00', null, '2018-05-26 23:40:23', null, null, '1', '1527349223443');
INSERT INTO `tb_order` VALUES ('2018062908070235', '2018042610575678', '洪旭胶业', '2018042611031352', '米黄大码', '100.00', '1.00', '', '每斤', '', '', '13112341234', '我是谁', '1111111111111111111', '4444444444444444444', 'http://dremstock-521.xicp.net:26192/daigou/upload/13785265872/product/20180501/1525175926061.jpg', '', '1', '0', null, null, null, null, null, '100.00', '0.00', '100.00', null, '2018-06-29 08:07:02', null, null, '1', '1530230822246');
INSERT INTO `tb_order` VALUES ('2018070112413984', '2018040900571720', '张三的店铺', '2018040901314428', '华为P20', '3388.00', '1.00', '', '', '', '', '13330171314', '李志', '123', '北京市海淀区', 'http://dremstock-521.xicp.net:26192/daigou/upload/13112341234/product/20180512/1526121209516.jpg', '', '2', '0', '', '', '2018-07-01 13:27:58', '0.00', null, '3388.00', '0.00', '3388.00', '2018052618232694', '2018-07-01 12:41:39', '2018052618232694', '2018-07-01 17:13:02', '1', '1530436381943');
INSERT INTO `tb_order` VALUES ('2018070112451055', '2018040900571720', '张三的店铺', '2018041922184026', '苹果8plus', '5488.00', '1.00', '', '128G 白色', '苹果', '美国', '13331071314', '李志', '1231231', '北京', 'http://dremstock-521.xicp.net:26192/daigou/upload/13112341234/product/20180512/1526121162154.jpg', '', '5', '2', '2313', '圆通', '2018-07-01 13:27:55', null, null, '5488.00', '5488.00', '0.00', '2018052618232694', '2018-07-01 12:45:10', '2018052618232694', '2018-07-01 13:42:20', '1', '1530423740172');
INSERT INTO `tb_order` VALUES ('2018070112510155', '2018040900571720', '张三的店铺', '2018040901314428', '华为P20', '3388.00', '1.00', '', '', '', '', '13331071314', '李志', '12312', '北京', 'http://dremstock-521.xicp.net:26192/daigou/upload/13112341234/product/20180512/1526121209516.jpg', '', '5', '2', '', '', '2018-07-26 08:00:00', null, null, '3388.00', '3388.00', '0.00', '2018052618232694', '2018-07-01 12:51:01', '2018052618232694', '2018-07-01 13:22:55', '1', '1530422575281');
INSERT INTO `tb_order` VALUES ('2018070113081168', '2018040900571720', '张三的店铺', '2018042423435054', 'vivo手机', '2000.00', '1.00', '', '', '', '', '13331071314', '李志', '12312', '北京', 'http://dremstock-521.xicp.net:26192/daigou/upload/13785265872/product/20180501/1525169726664.jpg', '', '1', '1', '', '', null, '2000.00', null, '2000.00', '0.00', '2000.00', null, '2018-07-01 13:08:12', '2018040900521243', '2018-07-01 20:16:54', '1', '1530447413939');
INSERT INTO `tb_order` VALUES ('2018070119132029', '2018040900571720', '张三的店铺', '2018041922184026', '苹果8plus', '5488.00', '1.00', '', '128G 白色', '苹果', '美国', '13331071314', '李志1', '', '666777', 'http://dremstock-521.xicp.net:26192/daigou/upload/13112341234/product/20180512/1526121162154.jpg', '', '1', '0', '', '', null, '5488.00', null, '5488.00', '0.00', '5488.00', '2018052618232694', '2018-07-01 19:13:21', '2018052618232694', '2018-07-01 19:13:21', '0', '1530443600747');
INSERT INTO `tb_order` VALUES ('2018070119132232', '2018040900571720', '张三的店铺', '2018041922184026', '苹果8plus', '5488.00', '1.00', '', '128G 白色', '苹果', '美国', '13331071314', '李志1', '', '666777', 'http://dremstock-521.xicp.net:26192/daigou/upload/13112341234/product/20180512/1526121162154.jpg', '', '1', '0', '', '', null, '5488.00', null, '5488.00', '0.00', '5488.00', '2018052618232694', '2018-07-01 19:13:22', '2018052618232694', '2018-07-01 19:13:22', '0', '1530443602315');
INSERT INTO `tb_order` VALUES ('2018070119403730', '2018051913051734', '引领商贸', '2018052108090748', '藕片', '18.00', '1.00', '', '500克', '', '', '13331071314', '李志', '12312', '北京', 'http://dremstock-521.xicp.net:26192/daigou/upload/13833172090/product/20180521/1526861330006.jpg', '', '1', '1', null, null, null, '18.00', null, '18.00', '0.00', '18.00', '100', '2018-07-01 19:40:38', '100', '2018-07-01 19:40:46', '1', '1530445245584');
INSERT INTO `tb_order` VALUES ('2018070120220226', '2018040900571720', '张三的店铺', '2018040901314428', '华为P20', '3388.00', '1.00', '', '', '', '', '13331071314', '李志', '', '北京', 'http://dremstock-521.xicp.net:26192/daigou/upload/13112341234/product/20180512/1526121209516.jpg', '', '1', '0', '', '', null, '3388.00', '10', '338.80', '0.00', '338.80', '2018040900521243', '2018-07-01 20:22:03', '2018040900521243', '2018-07-03 09:04:35', '1', '1530579874949');
INSERT INTO `tb_order` VALUES ('2018070309155689', '2018040900571720', '张三的店铺', '2018040901314428', '华为P20', '3388.00', '1.00', '', '', '', '', '13331071314', '李志', '', '北京', 'http://dremstock-521.xicp.net:26192/daigou/upload/13112341234/product/20180512/1526121209516.jpg', '', '1', '0', '', '', null, '3388.00', '50', '1694.00', '0.00', '1694.00', '2018040900521243', '2018-07-03 09:15:56', '2018040900521243', '2018-07-03 22:59:39', '1', '1530629979483');
INSERT INTO `tb_order` VALUES ('2018070323002110', '2018040900571720', '张三的店铺', '2018040901314428', '华为P20', '3388.00', '1.00', '', '', '', '', '13331071314', '李志', '', '北京', 'http://dremstock-521.xicp.net:26192/daigou/upload/13112341234/product/20180512/1526121209516.jpg', '', '1', '0', '', '', null, '3388.00', '70', '2371.60', '0.00', '2371.60', '2018040900521243', '2018-07-03 23:00:22', '2018040900521243', '2018-07-03 23:00:22', '1', '1530630021583');

-- ----------------------------
-- Table structure for tb_pay
-- ----------------------------
DROP TABLE IF EXISTS `tb_pay`;
CREATE TABLE `tb_pay` (
  `id` bigint(20) NOT NULL,
  `shop_id` bigint(20) DEFAULT NULL,
  `order_id` bigint(20) DEFAULT NULL,
  `buyer_code` varchar(32) NOT NULL,
  `buyer_name` varchar(32) NOT NULL,
  `pay_method` varchar(32) NOT NULL,
  `pay_account` varchar(32) NOT NULL,
  `pay_money` decimal(16,2) NOT NULL,
  `remark` varchar(512) DEFAULT NULL,
  `pay_pic` varchar(512) DEFAULT NULL,
  `status` int(11) DEFAULT NULL COMMENT '0,待支付,1,确认支付,2,待卖家确认,3,支付成功',
  `creator_id` bigint(32) DEFAULT NULL,
  `created_time` datetime DEFAULT NULL,
  `modifier_id` bigint(32) DEFAULT NULL,
  `modified_time` datetime DEFAULT NULL,
  `dr` int(11) DEFAULT NULL,
  PRIMARY KEY (`id`)
) ENGINE=InnoDB DEFAULT CHARSET=utf8;

-- ----------------------------
-- Records of tb_pay
-- ----------------------------
INSERT INTO `tb_pay` VALUES ('2018043014062597', '2018042610575678', '2018043010452669', '13112341234', '我是谁', '2', '123123', '10.00', '', null, '2', '2018042610553565', '2018-04-30 14:06:26', '2018042610553565', '2018-04-30 14:11:46', '1');
INSERT INTO `tb_pay` VALUES ('2018043014210272', '2018042610575678', '2018043010452669', '13112341234', '我是谁', '2', '1', '1.00', '', '', '2', '2018042610553565', '2018-04-30 14:21:03', null, null, '1');
INSERT INTO `tb_pay` VALUES ('2018043021160338', '2018040900571720', '2018043021155178', '13112341234', '我是谁', '2', '12313', '117115.00', null, null, '0', '2018040900521243', '2018-04-30 21:16:04', null, null, '1');
INSERT INTO `tb_pay` VALUES ('2018050118173770', '2018040900571720', '2018050118173089', '13112341234', '我是谁', '2', '46946', '23423.00', null, null, '0', '2018040900521243', '2018-05-01 18:17:38', null, null, '1');
INSERT INTO `tb_pay` VALUES ('2018050118200698', '2018040900571720', '2018050118195920', '13112341234', '我是谁', '2', '4536', '6000.00', null, null, '0', '2018040900521243', '2018-05-01 18:20:07', null, null, '1');
INSERT INTO `tb_pay` VALUES ('2018050118204460', '2018040900571720', '2018050118195920', '13112341234', '我是谁', '2', '刚跟', '6000.00', null, null, '0', '2018040900521243', '2018-05-01 18:20:44', null, null, '1');
INSERT INTO `tb_pay` VALUES ('2018050118214530', '2018040900571720', '2018050118213979', '13112341234', '我是谁', '2', '213213', '23423.00', null, null, '0', '2018040900521243', '2018-05-01 18:21:45', null, null, '1');
INSERT INTO `tb_pay` VALUES ('2018050118450634', '2018040900571720', '2018050118213979', '13112341234', '我是谁', '2', '442685', '23423.00', null, null, '0', '2018040900521243', '2018-05-01 18:45:06', null, null, '1');
INSERT INTO `tb_pay` VALUES ('2018050119413361', '2018040900571720', '2018050119412063', '15300061906', '李奕霖', '2', '252467610', '1000.00', null, null, '1', '2018040900521243', '2018-05-01 19:41:33', null, null, '1');
INSERT INTO `tb_pay` VALUES ('2018050120495597', '2018040900571720', '2018050120493814', '13112341234', '我是谁', '2', '46846894', '0.10', null, null, '0', '2018040900521243', '2018-05-01 20:49:56', null, null, '1');
INSERT INTO `tb_pay` VALUES ('2018050317461943', '2018050315420450', '2018050317454826', '13112341234', '我是谁', '2', '373717096@qq.com', '9.00', null, null, '1', '2018050315382723', '2018-05-03 17:46:19', null, null, '1');
INSERT INTO `tb_pay` VALUES ('2018050619342870', '20180506193000100', '2018050619341539', '13112341234', '我是谁', '2', '439194676494 76点', '1.00', null, null, '1', '2018050619245011', '2018-05-06 19:34:29', null, null, '1');
INSERT INTO `tb_pay` VALUES ('2018051223410821', '2018040900571720', '2018051223393966', '13112341234', '我是谁', '2', '山东', '6000.00', null, null, '0', '2018040900521243', '2018-05-12 23:41:08', null, null, '1');
INSERT INTO `tb_pay` VALUES ('2018051223435858', '2018040900571720', '2018051223393966', '13112341234', '我是谁', '2', '吃鸡', '6000.00', null, null, '0', '2018040900521243', '2018-05-12 23:43:58', null, null, '1');
INSERT INTO `tb_pay` VALUES ('2018051223451292', '2018040900571720', '2018051223450526', '13112341234', '我是谁', '3', '1212', '2000.00', null, null, '0', '2018040900521243', '2018-05-12 23:45:13', null, null, '1');
INSERT INTO `tb_pay` VALUES ('2018051223525524', '2018040900571720', '2018051223514896', '13112341234', '我是谁', '3', '12312312', '2000.00', null, null, '0', '2018040900521243', '2018-05-12 23:52:55', null, null, '1');
INSERT INTO `tb_pay` VALUES ('2018051223544979', '2018040900571720', '2018051223514896', '13112341234', '我是谁', '3', '1111111111111111111', '2000.00', null, null, '0', '2018040900521243', '2018-05-12 23:54:49', null, null, '1');
INSERT INTO `tb_pay` VALUES ('2018051223581763', '2018040900571720', '2018051223514896', '13112341234', '我是谁', '3', '123123', '2000.00', '', null, '0', '2018040900521243', '2018-05-12 23:58:18', null, null, '1');
INSERT INTO `tb_pay` VALUES ('2018051309235366', '2018040900571720', '2018051309235161', '13112341234', '我是谁', '2', '1111111111111111111', '5488.00', '', null, '0', '2018040900521243', '2018-05-13 09:23:54', null, null, '1');
INSERT INTO `tb_pay` VALUES ('2018051309244932', '2018040900571720', '2018051309235161', '13112341234', '我是谁', '1', '1111111111111111111', '5488.00', '', null, '1', '2018040900521243', '2018-05-13 09:24:49', null, null, '1');
INSERT INTO `tb_pay` VALUES ('2018051309271633', '2018040900571720', '2018051309235161', '13112341234', '我是谁', '3', '1111111111111111111', '5488.00', '', null, '2', '2018040900521243', '2018-05-13 09:27:17', null, null, '1');
INSERT INTO `tb_pay` VALUES ('2018051314003478', '2018040900571720', '2018051314002533', '13112341234', '我是谁', '2', '1111111111111111111', '2000.00', '', null, '0', '2018040900521243', '2018-05-13 14:00:34', null, null, '1');
INSERT INTO `tb_pay` VALUES ('2018070113081663', '2018040900571720', '2018070113081168', '13331071314', '李志', '2', '12312', '2000.00', '', null, '1', '100', '2018-07-01 13:08:17', null, null, '1');
INSERT INTO `tb_pay` VALUES ('2018070113152139', '2018040900571720', '2018070112510155', '13331071314', '李志', '2', '12312', '3388.00', '', null, '2', '2018052618232694', '2018-07-01 13:15:22', '2018040900521243', '2018-07-01 13:15:54', '1');
INSERT INTO `tb_pay` VALUES ('2018070113233039', '2018040900571720', '2018070112451055', '13331071314', '李志', '1', '1231', '5488.00', '', '', '2', '2018040900521243', '2018-07-01 13:23:30', null, null, '1');
INSERT INTO `tb_pay` VALUES ('2018070119404526', '2018051913051734', '2018070119403730', '13331071314', '李志', '2', '12312', '18.00', '', null, '0', '100', '2018-07-01 19:40:46', null, null, '1');
INSERT INTO `tb_pay` VALUES ('2018070119404546', '2018051913051734', '2018070119403730', '13331071314', '李志', '2', '12312', '18.00', '', null, '0', '100', '2018-07-01 19:40:45', null, null, '1');

-- ----------------------------
-- Table structure for tb_product
-- ----------------------------
DROP TABLE IF EXISTS `tb_product`;
CREATE TABLE `tb_product` (
  `id` bigint(20) NOT NULL,
  `shop_id` bigint(20) DEFAULT NULL,
  `name` varchar(32) CHARACTER SET utf8 DEFAULT NULL,
  `market_price` decimal(16,2) DEFAULT NULL,
  `cost_price` decimal(16,2) DEFAULT NULL,
  `sale_price` decimal(16,2) DEFAULT NULL,
  `cate` varchar(32) CHARACTER SET utf8 DEFAULT NULL,
  `spec` varchar(32) CHARACTER SET utf8 DEFAULT NULL,
  `brand` varchar(32) CHARACTER SET utf8 DEFAULT NULL,
  `production_place` varchar(255) CHARACTER SET utf8 DEFAULT NULL COMMENT 'chan di',
  `store_num` decimal(16,2) DEFAULT NULL,
  `pic_main` varchar(512) CHARACTER SET utf8 DEFAULT NULL,
  `pic1` varchar(512) CHARACTER SET utf8 DEFAULT NULL,
  `pic2` varchar(512) CHARACTER SET utf8 DEFAULT NULL,
  `pic3` varchar(512) CHARACTER SET utf8 DEFAULT NULL,
  `sort_no` int(11) DEFAULT NULL COMMENT '越大越靠前',
  `description` longtext CHARACTER SET utf8,
  `status` int(11) DEFAULT NULL COMMENT '1,上架，0下架',
  `creator_id` bigint(32) DEFAULT NULL,
  `created_time` datetime DEFAULT NULL,
  `modifier_id` bigint(32) DEFAULT NULL,
  `modified_time` datetime DEFAULT NULL,
  `dr` int(11) DEFAULT NULL,
  PRIMARY KEY (`id`),
  KEY `idx_shop_id` (`shop_id`) USING BTREE,
  KEY `idx_name_spec` (`shop_id`,`name`,`cate`,`spec`,`brand`)
) ENGINE=InnoDB DEFAULT CHARSET=utf8mb4;

-- ----------------------------
-- Records of tb_product
-- ----------------------------
INSERT INTO `tb_product` VALUES ('2018040901314428', '2018040900571720', '华为P20', '4300.00', '3000.00', '3388.00', '', '', '', '', null, 'http://dremstock-521.xicp.net:26192/daigou/upload/13112341234/product/20180512/1526121209516.jpg', '', '', '', '1', '', '1', '2018040900521243', '2018-05-12 18:33:34', null, null, '1');
INSERT INTO `tb_product` VALUES ('2018041922184026', '2018040900571720', '苹果8plus', '5788.00', '0.00', '5488.00', '', '128G 白色', '苹果', '美国', null, 'http://dremstock-521.xicp.net:26192/daigou/upload/13112341234/product/20180512/1526121162154.jpg', '', '', '', '1', '', '1', '2018040900521243', '2018-05-12 18:32:40', '2018032622273679', '2018-04-21 14:00:06', '1');
INSERT INTO `tb_product` VALUES ('2018042423420944', '2018040900571720', '苹华为手机', '2000.00', '0.00', '1000.00', '', '', '', '', null, 'http://dremstock-521.xicp.net:26192/daigou/upload/13112341234/product/20180512/1526121085908.jpg', 'http://dremstock-521.xicp.net:26192/daigou/upload/13112341234/product/20180424/1524584526679.jpg', 'http://dremstock-521.xicp.net:26192/daigou/upload/13112341234/product/20180424/1524584528844.jpg', 'http://dremstock-521.xicp.net:26192/daigou/upload/13112341234/product/20180424/1524584532658.jpg', '1', '', '0', '2018040900521243', '2018-05-12 18:31:22', null, null, '1');
INSERT INTO `tb_product` VALUES ('2018042423425277', '2018040900571720', '苹果手机', '8000.00', '0.00', '6000.00', '', '', '', '', null, 'http://dremstock-521.xicp.net:26192/daigou/upload/13112341234/product/20180512/1526121032997.jpg', 'http://dremstock-521.xicp.net:26192/daigou/upload/13112341234/product/20180424/1524584573673.png', 'http://dremstock-521.xicp.net:26192/daigou/upload/13112341234/product/20180424/1524584576537.jpg', 'http://dremstock-521.xicp.net:26192/daigou/upload/13112341234/product/20180424/1524584576868.jpg', '1', '', '1', '2018040900521243', '2018-05-12 18:30:32', null, null, '1');
INSERT INTO `tb_product` VALUES ('2018042423435054', '2018040900571720', 'vivo手机', '3000.00', '0.00', '2000.00', '', '', '', '', null, 'http://dremstock-521.xicp.net:26192/daigou/upload/13785265872/product/20180501/1525169726664.jpg', 'http://dremstock-521.xicp.net:26192/daigou/upload/13112341234/product/20180424/1524584618993.png', 'http://dremstock-521.xicp.net:26192/daigou/upload/13112341234/product/20180424/1524584633219.jpg', '', '1', '', '1', '2018040900521243', '2018-04-25 22:13:20', null, null, '1');
INSERT INTO `tb_product` VALUES ('2018042611012815', '2018042610575678', '米黄手套', '15.00', '0.00', '10.00', '', '10个每包', '', '', null, 'http://dremstock-521.xicp.net:26192/daigou/upload/13785265872/product/20180501/1525175882228.jpg', 'http://dremstock-521.xicp.net:26192/daigou/upload/13785265872/product/20180501/1525175886252.jpg', 'http://dremstock-521.xicp.net:26192/daigou/upload/13785265872/product/20180501/1525175894101.jpg', 'http://dremstock-521.xicp.net:26192/daigou/upload/13785265872/product/20180501/1525175901425.jpg', '1', '', '1', '2018042610553565', '2018-05-01 19:58:22', null, null, '1');
INSERT INTO `tb_product` VALUES ('2018042611031352', '2018042610575678', '米黄大码', '120.00', '0.00', '100.00', '', '每斤', '', '', null, 'http://dremstock-521.xicp.net:26192/daigou/upload/13785265872/product/20180501/1525175926061.jpg', 'http://dremstock-521.xicp.net:26192/daigou/upload/13785265872/product/20180501/1525175927487.jpg', 'http://dremstock-521.xicp.net:26192/daigou/upload/13785265872/product/20180501/1525175938390.jpg', 'http://dremstock-521.xicp.net:26192/daigou/upload/13785265872/product/20180501/1525175957264.jpg', '1', '', '1', '2018042610553565', '2018-05-01 19:59:14', null, null, '1');
INSERT INTO `tb_product` VALUES ('2018050315432236', '2018050315420450', '大米', '3.50', '2.50', '3.00', '', '', '', '', null, 'http://dremstock-521.xicp.net:26192/daigou/upload/15733186926/product/20180503/1525333399095.jpg', '', '', '', '1', '', '1', '2018050315382723', '2018-05-03 15:43:23', null, null, '1');
INSERT INTO `tb_product` VALUES ('2018050619321715', '20180506193000100', '好想破罐子', '2.00', '0.00', '1.00', '', '', '', '', null, 'http://dremstock-521.xicp.net:26192/daigou/upload/15350612501/product/20180506/1525606342341.jpg', '', '', '', '1', '', '1', '2018050619245011', '2018-05-06 19:32:17', null, null, '1');
INSERT INTO `tb_product` VALUES ('2018050711285832', '2018050711262423', '公牛血', '398.00', '0.00', '148.00', '干红', '750毫升', '尤哈斯', '匈牙利', null, 'http://dremstock-521.xicp.net:26192/daigou/upload/18515461022/product/20180507/1525663692546.jpg', '', '', '', '1', '全国配送，发顺丰，一瓶也包邮', '1', '2018050711002825', '2018-05-07 11:34:13', null, null, '1');
INSERT INTO `tb_product` VALUES ('2018050711325280', '2018050711262423', '卡斯拉', '498.00', '0.00', '158.00', '干白', '750毫升', '尤哈斯', '匈牙利', null, 'http://dremstock-521.xicp.net:26192/daigou/upload/18515461022/product/20180507/1525663956960.jpg', '', '', '', '1', '全国配送，发顺丰，一瓶也包邮', '1', '2018050711002825', '2018-05-07 11:34:36', null, null, '1');
INSERT INTO `tb_product` VALUES ('2018050711375163', '2018050711262423', '库维', '298.00', '0.00', '98.00', '干红', '750毫升', '尤哈斯', '匈牙利', null, 'http://dremstock-521.xicp.net:26192/daigou/upload/18515461022/product/20180507/1525664239230.jpg', '', '', '', '1', '全国包邮，一瓶起售，发顺丰', '1', '2018050711002825', '2018-05-07 11:38:25', null, null, '1');
INSERT INTO `tb_product` VALUES ('2018050711392242', '2018050711262423', '雷司令', '598.00', '0.00', '168.00', '半干白', '750毫升', '尤哈斯', '匈牙利', null, 'http://dremstock-521.xicp.net:26192/daigou/upload/18515461022/product/20180507/1525664350718.jpg', '', '', '', '1', '', '1', '2018050711002825', '2018-05-07 11:39:23', null, null, '1');
INSERT INTO `tb_product` VALUES ('2018050711403788', '2018050711262423', '帕塔', '888.00', '0.00', '418.00', '干红', '750毫升', '尤哈斯', '匈牙利', null, 'http://dremstock-521.xicp.net:26192/daigou/upload/18515461022/product/20180507/1525664423720.jpg', '', '', '', '1', '', '1', '2018050711002825', '2018-05-07 11:40:38', null, null, '1');
INSERT INTO `tb_product` VALUES ('2018050711501626', '2018050711262423', '尤珀', '298.00', '0.00', '98.00', '起泡', '750毫升', '尤哈斯', '匈牙利', null, 'http://dremstock-521.xicp.net:26192/daigou/upload/18515461022/product/20180507/1525664995463.jpg', '', '', '', '1', '', '1', '2018050711002825', '2018-05-07 11:50:17', null, null, '1');
INSERT INTO `tb_product` VALUES ('2018050711512248', '2018050711262423', '霞多丽', '668.00', '0.00', '208.00', '干白', '750毫升', '尤哈斯', '匈牙利', null, 'http://dremstock-521.xicp.net:26192/daigou/upload/18515461022/product/20180507/1525665062226.jpg', '', '', '', '1', '', '1', '2018050711002825', '2018-05-07 11:51:23', null, null, '1');
INSERT INTO `tb_product` VALUES ('2018050711524790', '2018050711262423', '品丽珠', '1288.00', '0.00', '628.00', '干红', '750毫升', '尤哈斯', '匈牙利', null, 'http://dremstock-521.xicp.net:26192/daigou/upload/18515461022/product/20180507/1525665154605.jpg', '', '', '', '1', '', '1', '2018050711002825', '2018-05-07 11:52:47', null, null, '1');
INSERT INTO `tb_product` VALUES ('2018050711573847', '2018050711262423', '赤霞珠', '1288.00', '0.00', '628.00', '干红', '750毫升', '尤哈斯', '匈牙利', null, 'http://dremstock-521.xicp.net:26192/daigou/upload/18515461022/product/20180507/1525665437104.jpg', '', '', '', '1', '', '1', '2018050711002825', '2018-05-07 11:57:38', null, null, '1');
INSERT INTO `tb_product` VALUES ('2018050711583645', '2018050711262423', '梅尔乐', '1288.00', '0.00', '628.00', '干红', '750毫升', '尤哈斯', '匈牙利', null, 'http://dremstock-521.xicp.net:26192/daigou/upload/18515461022/product/20180507/1525665504769.jpg', '', '', '', '1', '', '1', '2018050711002825', '2018-05-07 11:58:36', null, null, '1');
INSERT INTO `tb_product` VALUES ('2018050712015233', '2018050711262423', '尤尼古', '398.00', '0.00', '198.00', '利口酒', '500毫升', '尤哈斯', '匈牙利', null, 'http://dremstock-521.xicp.net:26192/daigou/upload/18515461022/product/20180507/1525665693123.jpg', '', '', '', '1', '', '1', '2018050711002825', '2018-05-07 12:02:27', null, null, '1');
INSERT INTO `tb_product` VALUES ('2018050712031820', '2018050711262423', '尤尼古', '498.00', '0.00', '258.00', '利口酒', '700毫升', '尤哈斯', '匈牙利', null, 'http://dremstock-521.xicp.net:26192/daigou/upload/18515461022/product/20180507/1525665792787.jpg', '', '', '', '1', '', '1', '2018050711002825', '2018-05-07 12:03:19', null, null, '1');
INSERT INTO `tb_product` VALUES ('2018050712040732', '2018050711262423', '尤尼古', '598.00', '0.00', '328.00', '利口酒', '1000毫升', '尤哈斯', '匈牙利', null, 'http://dremstock-521.xicp.net:26192/daigou/upload/18515461022/product/20180507/1525665839848.jpg', '', '', '', '1', '', '1', '2018050711002825', '2018-05-07 12:04:07', null, null, '1');
INSERT INTO `tb_product` VALUES ('2018051913071972', '2018051913051734', '金箭80克牛肉粒香辣', '12.00', '8.00', '10.00', '', '', '', '', null, 'http://dremstock-521.xicp.net:26192/daigou/upload/13833172090/product/20180519/1526706417543.jpg', '', '', '', '1', '', '1', '2018051912593439', '2018-05-19 13:07:19', null, null, '1');
INSERT INTO `tb_product` VALUES ('2018052107182772', '2018051913051734', '香海鱼豆腐', '30.00', '18.00', '28.00', '', '', '', '', null, 'http://dremstock-521.xicp.net:26192/daigou/upload/13833172090/product/20180521/1526858311121.jpg', '', '', '', '1', '', '1', '2018051912593439', '2018-05-21 07:18:27', null, null, '1');
INSERT INTO `tb_product` VALUES ('2018052107390387', '2018051913051734', '涨停板鱿鱼', '38.00', '29.00', '35.00', '', '', '', '', null, 'http://dremstock-521.xicp.net:26192/daigou/upload/13833172090/product/20180521/1526859542952.jpg', '', '', '', '1', '', '1', '2018051912593439', '2018-05-21 07:39:10', null, null, '1');
INSERT INTO `tb_product` VALUES ('2018052107403454', '2018051913051734', '素毛肚', '19.00', '13.00', '18.00', '', '', '', '', null, 'http://dremstock-521.xicp.net:26192/daigou/upload/13833172090/product/20180521/1526859632407.jpg', '', '', '', '1', '', '1', '2018051912593439', '2018-05-21 07:40:34', null, null, '1');
INSERT INTO `tb_product` VALUES ('2018052107422068', '2018051913051734', '每日果干', '28.00', '18.00', '25.00', '', '', '', '', null, 'http://dremstock-521.xicp.net:26192/daigou/upload/13833172090/product/20180521/1526859696608.jpg', 'http://dremstock-521.xicp.net:26192/daigou/upload/13833172090/product/20180521/1526859729153.jpg', '', '', '1', '', '1', '2018051912593439', '2018-05-21 07:42:20', null, null, '1');
INSERT INTO `tb_product` VALUES ('2018052107442778', '2018051913051734', '小石头鸡腿', '21.00', '13.00', '18.00', '', '500克', '', '', null, 'http://dremstock-521.xicp.net:26192/daigou/upload/13833172090/product/20180521/1526859846788.jpg', '', '', '', '1', '', '1', '2018051912593439', '2018-05-21 07:44:28', null, null, '1');
INSERT INTO `tb_product` VALUES ('2018052107471891', '2018051913051734', '上口佳咖啡梅', '30.00', '13.00', '25.00', '', '500克', '', '', null, 'http://dremstock-521.xicp.net:26192/daigou/upload/13833172090/product/20180521/1526859992623.jpg', 'http://dremstock-521.xicp.net:26192/daigou/upload/13833172090/product/20180521/1526860020672.jpg', '', '', '1', '', '1', '2018051912593439', '2018-05-21 07:47:19', null, null, '1');
INSERT INTO `tb_product` VALUES ('2018052107483091', '2018051913051734', '通用金针菇', '15.00', '13.00', '18.00', '', '500克', '', '', null, 'http://dremstock-521.xicp.net:26192/daigou/upload/13833172090/product/20180521/1526860105191.jpg', '', '', '', '1', '', '1', '2018051912593439', '2018-05-21 07:48:30', null, null, '1');
INSERT INTO `tb_product` VALUES ('2018052108090748', '2018051913051734', '藕片', '19.90', '10.00', '18.00', '', '500克', '', '', null, 'http://dremstock-521.xicp.net:26192/daigou/upload/13833172090/product/20180521/1526861330006.jpg', '', '', '', '1', '', '1', '2018051912593439', '2018-05-21 08:09:07', null, null, '1');
INSERT INTO `tb_product` VALUES ('20180521062347100', '2018051913051734', '曹操饿了拌面', '7.00', '4.00', '6.00', '', '', '', '', null, 'http://dremstock-521.xicp.net:26192/daigou/upload/13833172090/product/20180521/1526854996603.jpg', 'http://dremstock-521.xicp.net:26192/daigou/upload/13833172090/product/20180521/1526855014233.jpg', '', '', '2', '', '1', '2018051912593439', '2018-05-21 06:23:47', null, null, '1');

-- ----------------------------
-- Table structure for tb_shop
-- ----------------------------
DROP TABLE IF EXISTS `tb_shop`;
CREATE TABLE `tb_shop` (
  `id` bigint(20) NOT NULL,
  `saler_id` bigint(20) DEFAULT NULL,
  `code` varchar(32) NOT NULL COMMENT '不能重复',
  `name` varchar(32) NOT NULL,
  `logo` varchar(512) DEFAULT NULL,
  `sort_no` int(11) DEFAULT NULL COMMENT '越大越靠前',
  `province` varchar(128) DEFAULT NULL,
  `city` varchar(128) DEFAULT NULL,
  `address` varchar(255) DEFAULT NULL,
  `status` int(11) DEFAULT NULL COMMENT '1,正常，0冻结',
  `start_time` datetime DEFAULT NULL,
  `end_time` datetime DEFAULT NULL,
  `description` varchar(512) DEFAULT NULL,
  `zhifubao_qr_code` varchar(512) DEFAULT NULL,
  `weixin_qr_code` varchar(512) DEFAULT NULL,
  `zhifubao_qr_code2` varchar(512) DEFAULT NULL,
  `weixin_qr_code2` varchar(512) DEFAULT NULL,
  `creator_id` bigint(32) DEFAULT NULL,
  `created_time` datetime DEFAULT NULL,
  `modifier_id` bigint(32) DEFAULT NULL,
  `modified_time` datetime DEFAULT NULL,
  `dr` int(11) DEFAULT NULL,
  PRIMARY KEY (`id`),
  UNIQUE KEY `code` (`code`)
) ENGINE=InnoDB DEFAULT CHARSET=utf8;

-- ----------------------------
-- Records of tb_shop
-- ----------------------------
INSERT INTO `tb_shop` VALUES ('2018040900571720', '2018040900521243', '12312', '张三的店铺', 'http://dremstock-521.xicp.net:26192/daigou/upload/13112341234/shop/20180506/1525570538421.jpg', '2', '111', '222', '333', '1', '2018-05-01 16:19:22', '2019-07-01 16:19:25', '欢迎光临我的店，我店商品保质保量，欢迎新老顾客批发零售！', 'http://dremstock-521.xicp.net:26192/daigou/upload/13112341234/shop/20180501/1525171333570.png', 'http://dremstock-521.xicp.net:26192/daigou/upload/13112341234/shop/20180501/1525171328520.png', null, null, null, '2018-04-15 19:02:58', null, '2018-04-15 19:02:58', '1');
INSERT INTO `tb_shop` VALUES ('2018042610575678', '2018042610553565', 'hongxujiaoye', '洪旭胶业', 'http://dremstock-521.xicp.net:26192/daigou/upload/13785265872/shop/20180501/1525176006121.jpg', '2', '河北省', '石家庄市', '新乐市125号', '1', '2018-04-26 10:57:56', '2018-07-26 10:57:56', '店主很懒，什么也没留下......', 'http://dremstock-521.xicp.net:26192/daigou/upload/13785265872/shop/20180501/1525176019736.png', 'http://dremstock-521.xicp.net:26192/daigou/upload/13785265872/shop/20180501/1525176013300.png', null, null, '2018042610553565', '2018-04-26 10:57:56', null, null, '1');
INSERT INTO `tb_shop` VALUES ('2018050315420450', '2018050315382723', '0818', '鑫鑫小店', 'http://dremstock-521.xicp.net:26192/daigou/upload/15733186926/shop/20180503/1525333304580.jpg', '3', '上海市', '上官海', '浦东区', '1', '2018-05-03 15:42:04', '2018-08-03 15:42:04', '店主很懒，什么也没留下......', 'http://dremstock-521.xicp.net:26192/daigou/upload/15733186926/shop/20180503/1525333260575.jpg', 'http://dremstock-521.xicp.net:26192/daigou/upload/15733186926/shop/20180503/1525333249607.jpg', null, null, '2018050315382723', '2018-05-03 15:42:04', null, null, '1');
INSERT INTO `tb_shop` VALUES ('2018050316093185', '2018050316002085', '77777777', '零食大礼包（私人定制）', 'http://dremstock-521.xicp.net:26192/daigou/upload/13292875567/shop/20180503/1525334897005.jpeg', '4', '山东省', '济南市', '桥东区', '1', '2018-05-03 16:09:32', '2018-08-03 16:09:32', '店主很懒，什么也没留下......', 'http://dremstock-521.xicp.net:26192/daigou/upload/13292875567/shop/20180503/1525334803916.png', 'http://dremstock-521.xicp.net:26192/daigou/upload/13292875567/shop/20180503/1525334798518.png', null, null, '2018050316002085', '2018-05-03 16:09:32', null, null, '1');
INSERT INTO `tb_shop` VALUES ('2018050711262423', '2018050711002825', 'yxww2018', '匈牙利红酒销售', 'http://dremstock-521.xicp.net:26192/daigou/upload/18515461022/shop/20180507/1525663533847.jpg', '1', '河南省', '郑州市', '桥东区', '1', '2018-05-07 11:26:24', '2018-08-07 11:26:24', '店主很懒，什么也没留下......', 'http://dremstock-521.xicp.net:26192/daigou/upload/18515461022/shop/20180507/1525663478804.jpg', 'http://dremstock-521.xicp.net:26192/daigou/upload/18515461022/shop/20180507/1525663464225.jpg', null, null, '2018050711002825', '2018-05-07 11:26:24', null, null, '1');
INSERT INTO `tb_shop` VALUES ('2018051913051734', '2018051912593439', '10001', '引领商贸', 'http://dremstock-521.xicp.net:26192/daigou/upload/13833172090/shop/20180519/1526706316097.jpg', null, '河北省', '石家庄市', '桥东区', '1', '2018-05-19 13:05:17', '2018-08-19 13:05:17', '店主很懒，什么也没留下......', 'http://dremstock-521.xicp.net:26192/daigou/upload/13833172090/shop/20180519/1526706299415.jpg', 'http://dremstock-521.xicp.net:26192/daigou/upload/13833172090/shop/20180519/1526706278980.jpg', null, null, '2018051912593439', '2018-05-19 13:05:17', null, null, '1');
INSERT INTO `tb_shop` VALUES ('20180506193000100', '2018050619245011', '15350612501', '锦诚超市', 'http://dremstock-521.xicp.net:26192/daigou/upload/15350612501/shop/20180506/1525606205404.jpg', '6', '河北省', '石家庄市', '桥东区', '1', '2018-05-06 19:30:00', '2018-08-06 19:30:00', '店主很懒，什么也没留下......', 'http://dremstock-521.xicp.net:26192/daigou/upload/15350612501/shop/20180506/1525606179921.jpg', 'http://dremstock-521.xicp.net:26192/daigou/upload/15350612501/shop/20180506/1525606176176.jpg', null, null, '2018050619245011', '2018-05-06 19:30:00', null, null, '1');

-- ----------------------------
-- Table structure for tb_shop_customer
-- ----------------------------
DROP TABLE IF EXISTS `tb_shop_customer`;
CREATE TABLE `tb_shop_customer` (
  `id` bigint(20) NOT NULL,
  `shop_id` bigint(20) NOT NULL COMMENT '店铺主键',
  `customer_id` bigint(20) NOT NULL COMMENT '客户主键',
  `customer_name` varchar(32) DEFAULT NULL COMMENT '客户名称',
  `customer_level` int(11) DEFAULT NULL COMMENT '客户等级',
  `customer_discount` int(11) DEFAULT '1' COMMENT '客户折扣',
  `mobile` bigint(11) DEFAULT NULL,
  `business_id` bigint(20) DEFAULT NULL COMMENT '业务员id',
  `business_name` varchar(32) DEFAULT NULL COMMENT '业务员名称',
  `creator_id` bigint(20) DEFAULT NULL,
  `created_time` datetime DEFAULT NULL,
  `modifier_id` bigint(20) DEFAULT NULL,
  `modified_time` datetime DEFAULT NULL,
  `dr` int(11) DEFAULT '1' COMMENT '-1：删除，0，草稿，1，正常',
  PRIMARY KEY (`id`),
  UNIQUE KEY `mobile` (`mobile`,`shop_id`) USING BTREE
) ENGINE=InnoDB DEFAULT CHARSET=utf8 COMMENT='店铺客户关联表';

-- ----------------------------
-- Records of tb_shop_customer
-- ----------------------------
INSERT INTO `tb_shop_customer` VALUES ('2018052621553856', '2018040900571720', '2018052621553842', '111', '1', '2', '13512345678', null, null, '2018052618232694', null, '2018040900521243', '2018-05-26 22:10:25', '1');
INSERT INTO `tb_shop_customer` VALUES ('2018052622311119', '2018040900571720', '2018052622311181', '123123123', '1', '1', '13912345678', null, null, '2018040900521243', '2018-05-26 22:31:12', '2018040900521243', '2018-05-26 22:31:12', '1');
INSERT INTO `tb_shop_customer` VALUES ('2018052623181555', '2018040900571720', '2018052623181530', '小张', '0', '100', '13612345678', null, null, '2018040900521243', '2018-05-26 23:18:15', '2018040900521243', '2018-05-26 23:19:30', '1');
INSERT INTO `tb_shop_customer` VALUES ('2018052623402380', '2018040900571720', '2018052623402392', '我是谁', '0', '100', '13112341234', '2018052618232694', '111222333', '2018052618232694', '2018-05-26 23:40:23', '2018040900521243', '2018-05-29 22:12:09', '1');
INSERT INTO `tb_shop_customer` VALUES ('2018062908070275', '2018042610575678', '2018052623402392', '我是谁', '0', '100', '13112341234', null, null, '2018052618232694', '2018-06-29 08:07:02', null, null, '1');
INSERT INTO `tb_shop_customer` VALUES ('2018070112451068', '2018040900571720', '2018070112451091', '李志1', '2', '70', '13331071314', '2018052618232694', '李奕霖', '2018052618232694', '2018-07-01 12:45:10', '2018052618232694', '2018-07-01 18:52:22', '1');
INSERT INTO `tb_shop_customer` VALUES ('2018070118582348', '2018040900571720', '2018070112413999', '111', '2', '20', '13330171314', '2018052618232696', '111222333', '2018052618232694', '2018-07-01 18:58:20', '2018052618232694', '2018-07-01 18:58:20', '1');
INSERT INTO `tb_shop_customer` VALUES ('2018070118591165', '2018040900571720', '2018070118591157', '4444', '2', '40', '13911111111', '2018052618232696', '111222333', '2018052618232694', '2018-07-01 18:59:12', '2018052618232694', '2018-07-01 18:59:12', '1');
INSERT INTO `tb_shop_customer` VALUES ('2018070119403760', '2018051913051734', '2018070112451091', '李志', '0', '100', '13331071314', null, '', '100', '2018-07-01 19:40:38', null, null, '1');

-- ----------------------------
-- Table structure for tb_trip
-- ----------------------------
DROP TABLE IF EXISTS `tb_trip`;
CREATE TABLE `tb_trip` (
  `id` bigint(20) NOT NULL,
  `shop_id` bigint(20) DEFAULT NULL,
  `shop_name` varchar(32) DEFAULT NULL,
  `target_address` varchar(32) NOT NULL,
  `start_date` date NOT NULL,
  `end_date` date NOT NULL,
  `trip_pic` varchar(512) DEFAULT NULL,
  `trip_pic1` varchar(512) DEFAULT NULL,
  `trip_pic2` varchar(512) DEFAULT NULL,
  `trip_pic3` varchar(512) DEFAULT NULL,
  `trip_pic4` varchar(512) DEFAULT NULL,
  `trip_pic5` varchar(512) DEFAULT NULL,
  `trip_pic6` varchar(512) DEFAULT NULL,
  `remark` varchar(512) DEFAULT NULL,
  `status` int(11) DEFAULT NULL COMMENT '0,未出发,1,已出发,2,已回',
  `creator_id` bigint(32) DEFAULT NULL,
  `created_time` datetime DEFAULT NULL,
  `modifier_id` bigint(32) DEFAULT NULL,
  `modified_time` datetime DEFAULT NULL,
  `dr` int(11) DEFAULT NULL,
  PRIMARY KEY (`id`)
) ENGINE=InnoDB DEFAULT CHARSET=utf8;

-- ----------------------------
-- Records of tb_trip
-- ----------------------------
INSERT INTO `tb_trip` VALUES ('2018050515244173', '2018042610575678', '洪旭胶业', '11', '2018-05-05', '2018-05-05', 'http://dremstock-521.xicp.net:26192/daigou/upload/13785265872/trip/20180506/1525539107723.jpg', 'http://dremstock-521.xicp.net:26192/daigou/upload/13785265872/trip/20180506/1525539123452.jpg', 'http://localhost:8180/daigou/upload/13785265872/trip/20180505/1525505254607.jpg', 'http://localhost:8180/daigou/upload/13785265872/trip/20180505/1525505259242.jpg', 'http://localhost:8180/daigou/upload/13785265872/trip/20180505/1525505261873.jpg', 'http://localhost:8180/daigou/upload/13785265872/trip/20180505/1525505261366.jpg', 'http://localhost:8180/daigou/upload/13785265872/trip/20180505/1525505266234.jpg', '1111111111111111', '1', '2018042610553565', '2018-05-05 15:24:41', null, null, '1');
INSERT INTO `tb_trip` VALUES ('2018050608241713', '2018040900571720', '张三的店铺', '五一大优惠', '2018-05-06', '2018-05-06', 'http://dremstock-521.xicp.net:26192/daigou/upload/13112341234/trip/20180512/1526121709647.jpg', 'http://dremstock-521.xicp.net:26192/daigou/upload/13112341234/trip/20180512/1526121710435.jpg', 'http://dremstock-521.xicp.net:26192/daigou/upload/13112341234/trip/20180512/1526121719079.jpg', 'http://dremstock-521.xicp.net:26192/daigou/upload/13112341234/trip/20180512/1526121721656.jpg', 'http://dremstock-521.xicp.net:26192/daigou/upload/13112341234/trip/20180512/1526121737439.jpg', '', '', '五一大优惠五一大优惠五一大优惠五一大优惠五一大优惠五一大优惠', '1', '2018040900521243', '2018-05-06 08:24:17', null, null, '1');
INSERT INTO `tb_trip` VALUES ('2018050712094552', '2018050711262423', '匈牙利红酒销售', '自进口红酒，品质保证', '2018-05-07', '2018-08-07', 'http://dremstock-521.xicp.net:26192/daigou/upload/18515461022/trip/20180507/1525666073015.jpg', 'http://dremstock-521.xicp.net:26192/daigou/upload/18515461022/trip/20180507/1525666127673.jpg', 'http://dremstock-521.xicp.net:26192/daigou/upload/18515461022/trip/20180507/1525666114875.jpg', 'http://dremstock-521.xicp.net:26192/daigou/upload/18515461022/trip/20180507/1525666148274.jpg', 'http://dremstock-521.xicp.net:26192/daigou/upload/18515461022/trip/20180507/1525666162057.jpg', 'http://dremstock-521.xicp.net:26192/daigou/upload/18515461022/trip/20180507/1525666186660.jpg', '', '欢迎新老客户一如既往支持', '1', '2018050711002825', '2018-05-07 12:09:46', null, null, '1');
INSERT INTO `tb_trip` VALUES ('2018051913132961', '2018051913051734', '引领商贸', '劲爆价促销', '2018-05-19', '2018-05-20', 'http://dremstock-521.xicp.net:26192/daigou/upload/13833172090/trip/20180519/1526706806961.jpg', '', '', '', '', '', '', '限时抢购速速下单吧', '1', '2018051912593439', '2018-05-19 13:13:29', null, null, '1');
INSERT INTO `tb_trip` VALUES ('2018051913134940', '2018051913051734', '引领商贸', '劲爆价促销', '2018-05-19', '2018-05-20', 'http://dremstock-521.xicp.net:26192/daigou/upload/13833172090/trip/20180519/1526706822790.jpg', '', '', '', '', '', '', '限时抢购速速下单吧', '1', '2018051912593439', '2018-05-19 13:13:50', null, null, '1');

-- ----------------------------
-- Table structure for tb_trip_product
-- ----------------------------
DROP TABLE IF EXISTS `tb_trip_product`;
CREATE TABLE `tb_trip_product` (
  `id` bigint(20) NOT NULL,
  `shop_id` bigint(20) DEFAULT NULL,
  `trip_id` bigint(20) DEFAULT NULL,
  `name` varchar(32) DEFAULT NULL,
  `market_price` decimal(16,2) DEFAULT NULL,
  `price` decimal(16,2) DEFAULT NULL,
  `cate` varchar(32) DEFAULT NULL,
  `spec` varchar(32) DEFAULT NULL,
  `brand` varchar(32) DEFAULT NULL,
  `production_place` varchar(255) DEFAULT NULL,
  `store_num` decimal(16,2) DEFAULT NULL,
  `pic_main` varchar(512) DEFAULT NULL,
  `pic1` varchar(512) DEFAULT NULL,
  `pic2` varchar(512) DEFAULT NULL,
  `pic3` varchar(512) DEFAULT NULL,
  `sort_no` int(11) DEFAULT NULL COMMENT '越大越靠前',
  `description` longtext,
  `status` int(11) DEFAULT NULL COMMENT '1,上架，0下架',
  `creator_id` bigint(32) DEFAULT NULL,
  `created_time` datetime DEFAULT NULL,
  `modifier_id` bigint(32) DEFAULT NULL,
  `modified_time` datetime DEFAULT NULL,
  `dr` int(11) DEFAULT NULL,
  PRIMARY KEY (`id`)
) ENGINE=InnoDB DEFAULT CHARSET=utf8;

-- ----------------------------
-- Records of tb_trip_product
-- ----------------------------

-- ----------------------------
-- Table structure for tb_user
-- ----------------------------
DROP TABLE IF EXISTS `tb_user`;
CREATE TABLE `tb_user` (
  `id` bigint(20) NOT NULL,
  `shop_id` bigint(20) DEFAULT NULL,
  `login_name` varchar(32) NOT NULL COMMENT '目前与手机号一致',
  `name` varchar(32) DEFAULT NULL,
  `pwd` varchar(32) DEFAULT NULL,
  `type` int(11) DEFAULT NULL COMMENT '0,超级管理员,1，店铺管理员，2，业务经理，3，业务员',
  `status` int(11) DEFAULT NULL COMMENT '1,正常，0冻结',
  `email` varchar(32) DEFAULT NULL,
  `mobile` bigint(11) DEFAULT NULL,
  `weixin` varchar(32) DEFAULT NULL,
  `zhifubao` varchar(32) DEFAULT NULL,
  `qq` varchar(32) DEFAULT NULL,
  `weixin_qr_code` varchar(512) DEFAULT NULL,
  `zhifubao_qr_code` varchar(512) DEFAULT NULL,
  `qq_qr_code` varchar(512) DEFAULT NULL,
  `id_card` varchar(32) DEFAULT NULL,
  `sex` int(11) DEFAULT NULL COMMENT '1，男，0，女',
  `address` varchar(512) DEFAULT NULL COMMENT '详细地址',
  `leader_id` bigint(32) DEFAULT NULL,
  `leader_name` varchar(32) DEFAULT NULL,
  `creator_id` bigint(32) DEFAULT NULL,
  `created_time` datetime DEFAULT NULL,
  `modifier_id` bigint(32) DEFAULT NULL,
  `modified_time` datetime DEFAULT NULL,
  `dr` int(11) DEFAULT '1' COMMENT '-1：删除，0，草稿，1，正常',
  PRIMARY KEY (`id`),
  UNIQUE KEY `login_name` (`login_name`),
  UNIQUE KEY `mobile` (`mobile`)
) ENGINE=InnoDB DEFAULT CHARSET=utf8;

-- ----------------------------
-- Records of tb_user
-- ----------------------------
INSERT INTO `tb_user` VALUES ('2018040900521243', '2018040900571720', '13331071314', '我是谁', '96E79218965EB72C92A549DD5A330112', '1', '20', '123@1.COM', '13112341234', '1111111111111111111', '456', '', 'http://dremstock-521.xicp.net:26192/daigou/upload/13112341234/weixinQrCode/20180513/1526144033173.jpg', 'http://dremstock-521.xicp.net:26192/daigou/upload/13112341234/weixinQrCode/20180501/1525169952641.png', null, '222222222222222', '1', '4444444444444444444', null, null, '201803262227367955', '2018-03-26 22:27:40', null, null, '0');
INSERT INTO `tb_user` VALUES ('2018042610553565', '2018042610575678', '13785265872', '13785265872', '96E79218965EB72C92A549DD5A330112', '1', '20', '13785265872@qq.com', '13785265872', '13785265872', '1233', '', 'http://dremstock-521.xicp.net:26192/daigou/upload/13785265872/weixinQrCode/20180501/1525165170782.png', 'http://dremstock-521.xicp.net:26192/daigou/upload/13785265872/zhifubaoQrCode/20180501/1525165170481.png', null, '', '-1', '', null, null, '2018042610553565', '2018-04-26 10:55:36', null, null, '1');
INSERT INTO `tb_user` VALUES ('2018050120081679', null, '13832326045', '13832326045', 'DD13482C2E1B2DBD9FCAAFD26D49AA48', '1', '10', '513257879@qq.com', '13832326045', null, null, null, null, null, null, null, '-1', null, null, null, '2018050120081679', '2018-05-01 20:08:17', null, null, '1');
INSERT INTO `tb_user` VALUES ('2018050315382723', '2018050315420450', '15733186926', '15733186926', '0E167509D1BE26A3E5B9785558B224CC', '1', '20', '542893114@qq.com', '15733186926', '542893114', '542893111@qq.com', '', 'http://dremstock-521.xicp.net:26192/daigou/upload/15733186926/weixinQrCode/20180503/1525333172246.jpg', 'http://dremstock-521.xicp.net:26192/daigou/upload/15733186926/zhifubaoQrCode/20180503/1525333185617.jpg', null, '', '-1', '', null, null, '2018050315382723', '2018-05-03 15:38:27', null, null, '1');
INSERT INTO `tb_user` VALUES ('2018050316002085', '2018050316093185', '13292875567', '13292875567', 'CC168AEB26672BFB67F55E776A897135', '1', '20', '280419919@qq.com', '13292875567', 'lyn280419919', '13292875567', '280419919', 'http://dremstock-521.xicp.net:26192/daigou/upload/13292875567/weixinQrCode/20180503/1525334456984.png', 'http://dremstock-521.xicp.net:26192/daigou/upload/13292875567/zhifubaoQrCode/20180503/1525334487793.png', null, '', '-1', '', null, null, '2018050316002085', '2018-05-03 16:00:20', null, null, '1');
INSERT INTO `tb_user` VALUES ('2018050619245011', '20180506193000100', '15350612501', '15350612501', 'E807F1FCF82D132F9BB018CA6738A19F', '1', '20', '314195665@qq.com', '15350612501', 'tt5211314945', '15652452032', '314195665', 'http://dremstock-521.xicp.net:26192/daigou/upload/15350612501/weixinQrCode/20180506/1525606071159.jpg', 'http://dremstock-521.xicp.net:26192/daigou/upload/15350612501/zhifubaoQrCode/20180506/1525606095310.jpg', null, '13068119890209551x', '1', '', null, null, '2018050619245011', '2018-05-06 19:24:50', null, null, '1');
INSERT INTO `tb_user` VALUES ('2018050711002825', '2018050711262423', '18515461022', '18515461022', 'A5ECD84251D4593E1DB93C48D9A28BA4', '1', '20', '13121754115@126.com', '18515461022', 'xuan_yixiaowanwan', '18515461022', '', 'http://dremstock-521.xicp.net:26192/daigou/upload/18515461022/weixinQrCode/20180507/1525663352798.jpg', 'http://dremstock-521.xicp.net:26192/daigou/upload/18515461022/zhifubaoQrCode/20180507/1525663367723.jpg', null, '', '-1', '', null, null, '2018050711002825', '2018-05-07 11:00:29', null, null, '1');
INSERT INTO `tb_user` VALUES ('2018051818362094', null, '133310713141', '13331071314', '96E79218965EB72C92A549DD5A330112', '1', '10', '3737170961@qq.com', '133310713141', null, null, null, null, null, null, null, '-1', null, null, null, '2018051818362094', '2018-05-18 18:36:20', null, null, '1');
INSERT INTO `tb_user` VALUES ('2018051912593439', '2018051913051734', '13833172090', '13833172090', 'DD13482C2E1B2DBD9FCAAFD26D49AA48', '1', '20', '2939961997@qq.com', '13833172090', '13833172090', '13832326045', '2939961997', 'http://dremstock-521.xicp.net:26192/daigou/upload/13833172090/weixinQrCode/20180519/1526706050484.jpg', 'http://dremstock-521.xicp.net:26192/daigou/upload/13833172090/zhifubaoQrCode/20180519/1526706102009.jpg', null, '130184198207243041', '0', '新乐市轻贸街7排1号', null, null, '2018051912593439', '2018-05-19 12:59:34', null, null, '1');
INSERT INTO `tb_user` VALUES ('2018052411534782', null, '18535326718', '18535326718', 'CB5ABFABC397D73F6D7E74286205BF10', '1', '10', '2365436730@qq.com', '18535326718', null, null, null, null, null, null, null, '-1', null, null, null, '2018052411534782', '2018-05-24 11:53:48', null, null, '1');
INSERT INTO `tb_user` VALUES ('2018052618232694', '2018040900571720', '15300061906', '李奕霖', '96E79218965EB72C92A549DD5A330112', '2', '20', '2524676@qq.com', '15300061906', 'Liyilin', null, '', 'http://dremstock-521.xicp.net:26192/daigou/upload/13112341234/weixinQrCode/20180527/1527386704968.jpg', null, null, '', '-1', '北京海淀区杏石口路9号合众大厦', '2018050119411471', '', '2018050119411471', '2018-05-01 19:41:15', null, null, '1');
INSERT INTO `tb_user` VALUES ('2018052618232696', '2018040900571720', '13012345678', '111222333', '96E79218965EB72C92A549DD5A330112', '3', '20', '123@qq.com', '13012345678', '111', null, '1111111', '', null, null, '222', '0', '333', '2018050119411471', '李奕霖', '2018040900521243', '2018-05-26 18:23:27', null, null, '1');
INSERT INTO `tb_user` VALUES ('2018063022590453', null, '133310713142', '13331071314', '96E79218965EB72C92A549DD5A330112', '1', '11', null, '133310713142', '1231', '1231', '', 'http://localhost:8180/daigou/upload/13331071314/weixinQrCode/20180630/1530371105713.jpg', 'http://localhost:8180/daigou/upload/13331071314/zhifubaoQrCode/20180630/1530371106395.jpg', null, '', '-1', '', null, null, '2018063022590453', '2018-06-30 22:59:04', null, null, '1');
